<!DOCTYPE suite SYSTEM "https://testng.org/testng-1.0.dtd" >
<suite name="First Suite" verbose="1" thread-count="5">
<test name="testng.project" parallel = "true">
<packages>
<package name="com.testng.project.*"></package>
</packages>
</test>


<test name = "ChromeSpecificTests">
<classes>
<class name="com.testng.project.MultipleBrowserTest">
<parameter name="browser" value="Chrome"></parameter>
</class>
</classes>
</test>

<test name = "FirefoxSpecificTests">
<classes>
<class name="com.testng.project.MultipleBrowserTest">
<parameter name="browser" value="Firefox"></parameter>
</class>
</classes>
</test>



</suite>